Prompt-ID	Prompt	Baseline	Result	CodeResult	CodeBleuScore	BleuScore	ExactMatchScore
0	abre el libro y retorna el marcador con la pagina actual\n\n Write a code in java	int function ( ) { return this . getMarcador ( ) ; }	Here is a simple Java code that opens a book (which is assumed to be a PDF file) and returns the current page marker. This code uses `java.awt.Desktop` class's `open` method, which opens a file or URL by launching the associated application. Please note that this is a very basic implementation and does not provide any functionality related to reading the current page of a book. \n\n```java\nimport java.io.File;\nimport java.awt.Desktop;\nimport java.io.IOException;\n\npublic class Main {\n    public static void main(String[] args) {\n        File file = new File("book.pdf"); // Replace with your book's filename and path\n        \n        try {\n            Desktop desktop = Desktop.getDesktop();\n            \n            if (desktop.isSupported(Desktop.Action.OPEN)) {\n                desktop.open(file);\n                \n                System.out.println("Book opened successfully");\n                // This line won't return the current page of the book, because reading PDF files is not a simple task in Java\n            } else {\n                System.out.println("Opening books is not supported on this platform");\n            }\n        } catch (IOException e) {\n            e.printStackTrace();\n        }\n    }\n}\n```\n\nYou have to note that reading the current page of a book in Java is non-trivial task and would require using external libraries like Apache PDFBox, iText or similar. This code only opens the file and doesn't provide any functionality related to getting the current page number. You may need to use an appropriate library depending on what kind of file (PDF, EPUB etc.) you are dealing with.\n	import java.io.File;import java.awt.Desktop;import java.io.IOException;public class Main {    public static void main(String[] args) {        File file = new File("book.pdf"); // Replace with your book's filename and path                try {            Desktop desktop = Desktop.getDesktop();                        if (desktop.isSupported(Desktop.Action.OPEN)) {                desktop.open(file);                                System.out.println("Book opened successfully");                // This line won't return the current page of the book, because reading PDF files is not a simple task in Java            } else {                System.out.println("Opening books is not supported on this platform");            }        } catch (IOException e) {            e.printStackTrace();        }    }}	{'codebleu': 0.25693004693096405, 'ngram_match_score': 0.003163667425663915, 'weighted_ngram_match_score': 0.024556520298192237, 'syntax_match_score': 0.0, 'dataflow_match_score': 0}	0.0011882820657369338	0
1	set the name of the catalog to be seached , ornull to search the default catalog\n\n Write a code in java	void function ( String arg0 ) { this . catalogName = arg0 ; }	In Java, you can use the `DatabaseMetaData` class from the JDBC API to interact with the database metadata. Here is how you would set the name of the catalog:\n\n```java\nConnection connection = DriverManager.getConnection(url);\nDatabaseMetaData metaData = connection.getMetaData();\nString searchPath = "SET SEARCH_PATH TO mycatalog, public";\nStatement statement = connection.createStatement();\nstatement.execute(searchPath);\nconnection.close();\n```\nIn this code, we first establish a database connection and get the `DatabaseMetaData` object from it. Then, we define a string `searchPath` to be our SQL command to set the search path to 'mycatalog' and 'public'. Finally, we create a `Statement` and execute the SQL command using `statement.execute()` method. After this operation is done, we close the connection.\n	Connection connection = DriverManager.getConnection(url);DatabaseMetaData metaData = connection.getMetaData();String searchPath = "SET SEARCH_PATH TO mycatalog, public";Statement statement = connection.createStatement();statement.execute(searchPath);connection.close();	{'codebleu': 0.0893984000663823, 'ngram_match_score': 0.011502783619900045, 'weighted_ngram_match_score': 0.012757483312295868, 'syntax_match_score': 0.0, 'dataflow_match_score': 0.3333333333333333}	0.0031141996081431806	0
2	get the docker rest uri\n\n Write a code in java	URI function ( ) { return uri ; }	In Java, you can use the Docker Java client to interact with the Docker API. The following is an example of how you could get the Docker REST URI using the `DockerClientConfig` class from `com.spotify.docker.client` package.\n\n```java\nimport com.github.dockerjava.api.model.AuthConfig;\nimport com.github.dockerjava.core.DefaultDockerClientConfig;\nimport com.github.dockerjava.core.DockerClientBuilder;\nimport com.spotify.docker.client.*;\n\npublic class Main {\n    public static void main(String[] args) {\n        DockerClient docker = null;\n        try {\n            DefaultDockerClientConfig config = new DefaultDockerClientConfig.Builder().build();\n            System.out.println("Docker REST URI: " + config.getUri());\n        } catch (Exception e) {\n            e.printStackTrace();\n        } finally {\n            if(docker != null){\n                docker.close();\n            }\n        }\n    }\n}\n```\nThis will print out the Docker REST URI that your code is using to connect with the Docker daemon. \n\nPlease note, you need to add Docker Java Client dependency in your pom.xml file like below:\n\n```xml\n<dependency>\n    <groupId>com.github.docker-java</groupId>\n    <artifactId>docker-java</artifactId>\n    <version>3.1.4</version> <!-- latest version -->\n</dependency>\n```\n\nAlso, ensure you have the Docker daemon running and the appropriate permissions to access it.\n	import com.github.dockerjava.api.model.AuthConfig;import com.github.dockerjava.core.DefaultDockerClientConfig;import com.github.dockerjava.core.DockerClientBuilder;import com.spotify.docker.client.*;public class Main {    public static void main(String[] args) {        DockerClient docker = null;        try {            DefaultDockerClientConfig config = new DefaultDockerClientConfig.Builder().build();            System.out.println("Docker REST URI: " + config.getUri());        } catch (Exception e) {            e.printStackTrace();        } finally {            if(docker != null){                docker.close();            }        }    }}	{'codebleu': 0.25766549355803614, 'ngram_match_score': 0.004649189828106597, 'weighted_ngram_match_score': 0.026012784404037925, 'syntax_match_score': 0.0, 'dataflow_match_score': 0}	0.001369135223296932	0
3	gets all codecs which can decode the specified format\n\n Write a code in java	String [ ] function ( Format arg0 ) { return getCodecClasses ( null , arg0 ) ; }	Here is how you might do it using Java's built-in MediaCodec APIs:\n\n```java\nimport android.media.MediaCodecInfo;\nimport android.media.MediaCodecList;\nimport android.util.Log;\n\npublic class MainActivity extends AppCompatActivity {\n    @Override\n    protected void onCreate(Bundle savedInstanceState) {\n        super.onCreate(savedInstanceState);\n        setContentView(R.layout.activity_main);\n        \n        String mimeType = "video/mp4"; // specify your format here\n        int numCodecs = MediaCodecList.getCodecCount();\n        for (int i = 0; i < numCodecs; i++) {\n            MediaCodecInfo codecInfo = MediaCodecList.getCodecInfoAt(i);\n            if (!codecInfo.isEncoder()) { // we need decoders\n                String[] supportedTypes = codecInfo.getSupportedTypes();\n                for (int j = 0; j < supportedTypes.length; j++) {\n                    if (supportedTypes[j].equals(mimeType)) {\n                        Log.i("Codec: ", codecInfo.getName());\n                        break;\n                    }\n                }\n            }\n        }\n    }\n}\n```\nIn this code, we go through all the available media decoders and check if they support a specific mimeType (format). If they do, the name of that decoder is logged. Please note that you must have appropriate permissions to use MediaCodec APIs.\n	import android.media.MediaCodecInfo;import android.media.MediaCodecList;import android.util.Log;public class MainActivity extends AppCompatActivity {    @Override    protected void onCreate(Bundle savedInstanceState) {        super.onCreate(savedInstanceState);        setContentView(R.layout.activity_main);                String mimeType = "video/mp4"; // specify your format here        int numCodecs = MediaCodecList.getCodecCount();        for (int i = 0; i < numCodecs; i++) {            MediaCodecInfo codecInfo = MediaCodecList.getCodecInfoAt(i);            if (!codecInfo.isEncoder()) { // we need decoders                String[] supportedTypes = codecInfo.getSupportedTypes();                for (int j = 0; j < supportedTypes.length; j++) {                    if (supportedTypes[j].equals(mimeType)) {                        Log.i("Codec: ", codecInfo.getName());                        break;                    }                }            }        }    }}	{'codebleu': 0.30415529058035884, 'ngram_match_score': 0.0031001377289059245, 'weighted_ngram_match_score': 0.013521024592529324, 'syntax_match_score': 0.2, 'dataflow_match_score': 1.0}	0.0010559248446685354	0
4	get the specified section\n\n Write a code in java	Section function ( int arg0 ) { return sections . get ( arg0 ) ; }	Sure, I can write a function that gets a specific section from a given string. However, I need to clarify what "specific section" you mean. If you're asking for a substring of a certain length starting at a particular index, or for a part of the string separated by some delimiter(s), then please provide more details about what kind of section you want to get.\n\nHere is an example code that gets a substring from a given start index to a specific length:\n```java\npublic String getSpecifiedSection(String str, int startIndex, int length) {\n    return str.substring(startIndex, startIndex + length);\n}\n```\nIn this function, `str` is the input string, `startIndex` is the starting index of the substring (0-based), and `length` is the number of characters to include in the substring. If you want to get a part of the string separated by some delimiter(s), please provide more details about what kind of section you want to get.\n	public String getSpecifiedSection(String str, int startIndex, int length) {    return str.substring(startIndex, startIndex + length);}	{'codebleu': 0.3217992069099579, 'ngram_match_score': 0.028978567626063368, 'weighted_ngram_match_score': 0.03599603779154592, 'syntax_match_score': 0.2222222222222222, 'dataflow_match_score': 1.0}	0.005556329824456987	0
5	random node form group\n\n Write a code in java	GnpNetLayer function ( String arg0 ) { IPv4NetID loc0 = createNewID ( ) ; return newNetLayer ( loc0 ) ; }	Here's how you can generate a random node from a given group of nodes. Assume that the nodes are stored in an array list:\n\n```java\nimport java.util.*;\n\npublic class Main {\n    public static void main(String[] args) {\n        ArrayList<Node> nodeGroup = new ArrayList<>(); // assuming you have populated this with your nodes\n        Random rand = new Random();\n        \n        if (!nodeGroup.isEmpty()) {\n            int randomIndex = rand.nextInt(nodeGroup.size()); \n            Node randomNode = nodeGroup.get(randomIndex);\n            \n            System.out.println("Randomly selected node: " + randomNode.toString());\n        } else {\n            System.out.println("The node group is empty.");\n        }\n    }\n}\n\nclass Node { \n    // assuming you have a Node class with some data and toString() method for output\n    // add your fields and methods here\n    \n    @Override\n    public String toString() { \n        return "";  // return the string representation of your node\n    }\n}\n```\nIn this code, we're using java.util.Random class to generate a random integer within the size of our node group array list. This random integer will be used as an index to get a random element from the array list. \n\nPlease note that you need to replace `Node` with your actual class name and also, implement `toString()` method in your Node class so it can represent your nodes properly.\n	import java.util.*;public class Main {    public static void main(String[] args) {        ArrayList<Node> nodeGroup = new ArrayList<>(); // assuming you have populated this with your nodes        Random rand = new Random();                if (!nodeGroup.isEmpty()) {            int randomIndex = rand.nextInt(nodeGroup.size());             Node randomNode = nodeGroup.get(randomIndex);                        System.out.println("Randomly selected node: " + randomNode.toString());        } else {            System.out.println("The node group is empty.");        }    }}class Node {     // assuming you have a Node class with some data and toString() method for output    // add your fields and methods here        @Override    public String toString() {         return "";  // return the string representation of your node    }}	{'codebleu': 0.19198277872800637, 'ngram_match_score': 0.0027846389565247555, 'weighted_ngram_match_score': 0.015146475955500727, 'syntax_match_score': 0.08333333333333333, 'dataflow_match_score': 0.6666666666666666}	0.0012268374670080897	0
6	transforms the input to result by executing a closure\n\n Write a code in java	Object function ( Object arg0 ) { iClosure . execute ( arg0 ) ; return arg0 ; }	Here is an example of how you could implement this in Java using Function interface and method reference. \n\n```java\nimport java.util.function.Function;\n\npublic class Main {\n    public static void main(String[] args) {\n        // The input to transform\n        String input = "hello";\n        \n        // Create a function that applies the transformation\n        Function<String, String> transformer = Main::transformToResult;\n        \n        // Transform the input and print the result\n        System.out.println(transformer.apply(input));\n    }\n    \n    /**\n     * The method that performs the transformation\n     */\n    public static String transformToResult(String str) {\n        return "Result: " + str;\n    }\n}\n```\nIn this example, we define a Function interface and pass our `transformToResult` method reference to it. When calling `apply` on the function with an input string, it will execute the transformToResult method and return its result. The result is then printed out.\n	import java.util.function.Function;public class Main {    public static void main(String[] args) {        // The input to transform        String input = "hello";                // Create a function that applies the transformation        Function<String, String> transformer = Main::transformToResult;                // Transform the input and print the result        System.out.println(transformer.apply(input));    }        /**     * The method that performs the transformation     */    public static String transformToResult(String str) {        return "Result: " + str;    }}	{'codebleu': 0.25532569046322906, 'ngram_match_score': 0.004024431001434524, 'weighted_ngram_match_score': 0.017278330851481744, 'syntax_match_score': 0.0, 'dataflow_match_score': 0.0}	0.0016036322850491779	0
7	logs the given exception using the platform 's logging mechanism . the exception is logged as an error with the error code javastatusconstants.internal _ error\n\n Write a code in java	void function ( Throwable arg0 , String arg1 ) { JavaPlugin . log ( new Status ( IStatus . ERROR , JavaPlugin . getPluginId ( ) , IJavaStatusConstants . INTERNAL_ERROR , arg1 , arg0 ) ) ; }	Here is how you can log exceptions using Java Logging API.\n\n```java\nimport java.util.logging.*;\n\npublic class ExceptionLoggingExample {\n    private static final Logger logger = Logger.getLogger(ExceptionLoggingExample.class.getName());\n\n    public static void main(String[] args) {\n        try {\n            // Some code that may throw an exception\n            int result = 10 / 0;\n        } catch (ArithmeticException e) {\n            String errorCode = "javastatusconstants.internal_error";\n            logger.log(Level.SEVERE, "An internal error has occurred with error code: " + errorCode, e);\n        }\n    }\n}\n```\nIn this example, we are logging the `ArithmeticException` that is thrown when trying to divide by zero. We use the `Logger` class provided by Java Logging API to log exceptions. The `log()` method allows you to specify the level of severity (in this case `Level.SEVERE` for an error), a message, and the exception itself.\n	import java.util.logging.*;public class ExceptionLoggingExample {    private static final Logger logger = Logger.getLogger(ExceptionLoggingExample.class.getName());    public static void main(String[] args) {        try {            // Some code that may throw an exception            int result = 10 / 0;        } catch (ArithmeticException e) {            String errorCode = "javastatusconstants.internal_error";            logger.log(Level.SEVERE, "An internal error has occurred with error code: " + errorCode, e);        }    }}	{'codebleu': 0.18640012367476075, 'ngram_match_score': 0.004451963616250483, 'weighted_ngram_match_score': 0.00781519774945918, 'syntax_match_score': 0.06666666666666667, 'dataflow_match_score': 0.6666666666666666}	0.0019328308813828584	0
8	get the value of one of the fields of a datetime . this could be used to get a field using a different chronology . for example : instant dt = new instant ; int gjyear = dt.get chronology.getcoptic . year\n\n Write a code in java	int function ( DateTimeField arg0 ) { if ( arg0 == null ) { throw new IllegalArgumentException ( "srini_string" ) ; } return arg0 . get ( getMillis ( ) ) ; }	Here is how you can get the value of one of the fields from a `java.time` `Instant` instance:\n\n```java\nimport java.time.*;\nimport java.time.chrono.*;\nimport java.time.temporal.*;\n\npublic class Main {\n    public static void main(String[] args) {\n        // Create an Instant object\n        Instant instant = Instant.now();\n        \n        // Get the Chronology of the Instant\n        ChronoLocalDateTime<?> chronoDateTime = instant.atZone(ZoneId.systemDefault());\n        IsoChronology isoChrono = ChronoField.INSTANT_SECONDS.getBaseUnit().get(chronoDateTime);\n        \n        // Get the Coptic year from the IsoChronology\n        int copticYear = ChronoField.YEAR_OF_ERA.getFrom(isoChrono.dateYear());\n        \n        System.out.println("Coptic Year: " + copticYear);\n    }\n}\n```\nThis code will print the Coptic year from the Instant object using the `IsoChronology`, which is a chronology based on the ISO calendar system. Note that there might be some precision loss when converting between different chronologies since they may have different definitions of "year".\n\nPlease note that this example assumes that you're interested in the Coptic year for a Gregorian date. If you need to convert a specific Gregorian date into the Coptic calendar, you can create a `LocalDate` object and then convert it using `ChronoLocalDate.from(isoChrono)` method.\n	import java.time.*;import java.time.chrono.*;import java.time.temporal.*;public class Main {    public static void main(String[] args) {        // Create an Instant object        Instant instant = Instant.now();                // Get the Chronology of the Instant        ChronoLocalDateTime<?> chronoDateTime = instant.atZone(ZoneId.systemDefault());        IsoChronology isoChrono = ChronoField.INSTANT_SECONDS.getBaseUnit().get(chronoDateTime);                // Get the Coptic year from the IsoChronology        int copticYear = ChronoField.YEAR_OF_ERA.getFrom(isoChrono.dateYear());                System.out.println("Coptic Year: " + copticYear);    }}	{'codebleu': 0.25313436254186866, 'ngram_match_score': 0.004375436627586616, 'weighted_ngram_match_score': 0.008162013539887976, 'syntax_match_score': 0.0, 'dataflow_match_score': 1.0}	0.0015949229860122564	0
9	create and cache a new recording debug info structure\n Write a code in java	void function ( ) { mostRecentInfo = new DebugRecordingInfo ( ) ; }	Here is an example of how you could create and cache a recording debug info structure. Note that this is just an illustration, actual implementation might be different based on your specific requirements. \n\n```java\nimport java.util.*;\n\npublic class DebugInfoCache {\n    private static Map<String, RecordingDebugInfo> cache = new HashMap<>();\n\n    public static void main(String[] args) {\n        RecordingDebugInfo debugInfo1 = createRecordingDebugInfo("debug1");\n        addToCache(debugInfo1);\n        \n        // later you can retrieve the info from cache using a key\n        System.out.println(getFromCache("debug1"));\n    }\n    \n    private static void addToCache(RecordingDebugInfo debugInfo) {\n        if (cache != null && debugInfo != null) {\n            String uniqueKey = generateUniqueId(); // you can use any strategy to generate a key\n            cache.put(uniqueKey, debugInfo);\n        }\n    }\n    \n    private static RecordingDebugInfo getFromCache(String key) {\n        return (cache != null && key != null) ? cache.get(key) : null;\n    }\n    \n    private static String generateUniqueId() {\n        // implement your own logic to generate unique id\n        return UUID.randomUUID().toString();\n    }\n\n    private static RecordingDebugInfo createRecordingDebugInfo(String name){\n        // implement actual creation of debug info here\n        return new RecordingDebugInfo(name); \n    }\n}\n\nclass RecordingDebugInfo {\n    String name;\n    \n    public RecordingDebugInfo(String name) {\n        this.name = name;\n    }\n    \n    @Override\n    public String toString() {\n        return "RecordingDebugInfo{" + "name='" + name + '\'' + '}';\n    }\n}\n```\nIn the above example, we created a `RecordingDebugInfo` class which represents your recording debug info. Then in our `DebugInfoCache` class, we have methods to create an instance of this class (createRecordingDebugInfo), add it to cache, retrieve from cache and also generate a unique key for each entry in the cache. \n\nNote that actual implementation might vary based on whether you need thread safety, error handling etc. Also, UUID used here is just one way to generate a unique key, depending on your requirements you may choose different strategy.\n	import java.util.*;public class DebugInfoCache {    private static Map<String, RecordingDebugInfo> cache = new HashMap<>();    public static void main(String[] args) {        RecordingDebugInfo debugInfo1 = createRecordingDebugInfo("debug1");        addToCache(debugInfo1);                // later you can retrieve the info from cache using a key        System.out.println(getFromCache("debug1"));    }        private static void addToCache(RecordingDebugInfo debugInfo) {        if (cache != null && debugInfo != null) {            String uniqueKey = generateUniqueId(); // you can use any strategy to generate a key            cache.put(uniqueKey, debugInfo);        }    }        private static RecordingDebugInfo getFromCache(String key) {        return (cache != null && key != null) ? cache.get(key) : null;    }        private static String generateUniqueId() {        // implement your own logic to generate unique id        return UUID.randomUUID().toString();    }    private static RecordingDebugInfo createRecordingDebugInfo(String name){        // implement actual creation of debug info here        return new RecordingDebugInfo(name);     }}class RecordingDebugInfo {    String name;        public RecordingDebugInfo(String name) {        this.name = name;    }        @Override    public String toString() {        return "RecordingDebugInfo{" + "name='" + name + '\'' + '}';    }}	{'codebleu': 0.16866948065459125, 'ngram_match_score': 0.0031420854049136427, 'weighted_ngram_match_score': 0.046535837213451337, 'syntax_match_score': 0.125, 'dataflow_match_score': 0.5}	0.000755333476951979	0